"MATRICULA","MEDIA","REPROVADO","REP_FALTA","TRANCOU","NUM_CURSADAS"
308161127,6.38571428571429,2,0,0,7
308161130,6.87142857142857,0,0,0,7
308161991,5.48,2,0,0,5
308162003,7.46,0,0,0,5
308162012,8.45,0,0,0,6
308162333,0.142857142857143,1,6,0,7
308162435,4.94285714285714,0,2,0,7
308162621,8.06666666666667,0,0,0,6
308162837,6.65,0,0,0,4
308163110,3.15,1,2,0,6
308280242,2.35714285714286,1,4,0,7
